英文詞彙,詞性,中文解釋
a,art,一個；任一 (冠詞)
an,art,一個；任一 (用於母音前) (冠詞)
able,adj,能夠的 (形容詞) (常與be連用: be able to)
about,adv,大約 (副詞) (例如: I have about £3.)
about,prep,關於；怎麼樣 (用於建議) (介係詞) (例如: a book about animals; What about a cold drink?)
above,prep,在...上面 (介係詞)
act,v,行動；扮演 (動詞)
accident,n,意外；事故 (名詞)
across,prep,橫越；在...對面 (介係詞) (例如: The bank's across the road.)
activity,n,活動 (名詞)
actor,n,男演員 (名詞)
actually,adv,實際上；確實地 (副詞)
add,v,增加；添加 (動詞)
address,n,地址；演說 (名詞)
adult,adj,成年的 (形容詞)
adult,n,成年人 (名詞)
advanced,adj,高級的；先進的 (形容詞)
adventure,n,冒險 (名詞)
advertisement,n,廣告 (名詞)
aeroplane,n,飛機 (名詞)
afraid,adj,害怕的；擔心的 (形容詞)
after,adv,之後 (副詞)
after,prep,在...之後 (介係詞)
afternoon,n,下午 (名詞)
afterwards,adv,之後；後來 (副詞)
again,adv,再次；又 (副詞)
against,prep,反對；倚靠；對抗 (介係詞) (例如: We watched England play against France.)
age,n,年齡；時代 (名詞) (例如: I don't know his age.)
ago,adv,以前 (副詞)
agree,v,同意 (動詞) (例如: Yes, I agree with you.)
air,n,空氣；空中 (名詞) (例如: to travel by air)
airport,n,機場 (名詞)
all,det,所有的 (限定詞)
all,pron,全部 (代名詞)
all right/alright,adv,好的；沒問題 (副詞)
almost,adv,幾乎；差不多 (副詞)
alone,adj,單獨的；孤獨的 (形容詞)
alone,adv,獨自地 (副詞)
already,adv,已經 (副詞)
also,adv,也；此外 (副詞)
always,adv,總是；一直 (副詞)
a.m.,adv,上午；午前 (副詞)
amazing,adj,令人驚訝的；極好的 (形容詞)
ambulance,n,救護車 (名詞)
among,prep,在...之中 (三者或以上) (介係詞)
and,conj,和；以及；而且 (連接詞)
angry,adj,生氣的 (形容詞)
animal,n,動物 (名詞)
another,det,另一個的 (限定詞)
another,pron,另一個 (代名詞)
answer,n,答案；回答 (名詞)
answer,v,回答；回應 (動詞)
any,det,任何的 (限定詞)
any,pron,任何一個 (代名詞)
anybody,pron,任何人 (代名詞)
anyone,pron,任何人 (代名詞)
anything,pron,任何事物 (代名詞)
anyway,adv,無論如何；反正 (副詞)
anywhere,adv,任何地方 (副詞)
apartment,n,公寓套房 (名詞)
apple,n,蘋果 (名詞)
appointment,n,預約；約會 (名詞) (例如: an appointment with the doctor)
area,n,區域；地區 (名詞)
arm,n,手臂；武器 (名詞)
(a)round,adv,在周圍；四處 (副詞) (例如: to travel around)
(a)round,prep,圍繞；在...附近 (介係詞) (例如: to sit around the table)
arrive,v,到達 (動詞)
art,n,藝術；美術 (名詞)
article,n,文章；物品；冠詞 (名詞) (例如: an article about skiing)
artist,n,藝術家；畫家 (名詞)
as,prep,如同；身為 (介係詞) (例如: as good as; as soon as possible; the same as)
ask,v,問；請求 (動詞)
assistant,n,助理；助手 (名詞)
as well,adv,也；同樣地 (副詞)
as well as,prep phr,以及；也 (介詞片語)
at,prep,在 (某點、時刻) (介係詞)
at / @,n,在 (用於電子郵件地址等) (符號名詞) (例如: My email address is david@cambridgeesol.org)
at all,adv,一點也(不)；根本 (副詞) (例如: It doesn't matter at all.)
aunt,n,姑媽；姨媽；嬸嬸；伯母 (名詞)
autumn,n,秋天 (名詞)
away,adv,離開；向遠方 (副詞) (例如: He's gone away; It's two miles away.)
baby,n,嬰兒 (名詞)
back,n,背部；後面 (名詞)
back,adv,向後；回來 (副詞)
back,adj,後面的 (形容詞)
bad,adj,壞的；差的 (形容詞)
bag,n,袋子 (名詞)
ball,n,球 (名詞)
banana,n,香蕉 (名詞)
band,n,樂隊；帶子 (名詞)
bank,n,銀行 (名詞) (例如: I changed my money in the bank.)
barbecue,n,烤肉 (名詞)
baseball,n,棒球 (名詞)
basketball,n,籃球 (名詞)
bath,n,沐浴；浴缸 (名詞)
bathroom,n,浴室 (名詞)
be,v,是；在 (動詞)
beach,n,海灘 (名詞)
bear,n,熊 (名詞)
beautiful,adj,美麗的 (形容詞)
because,conj,因為 (連接詞)
become,v,變成；成為 (動詞)
bed,n,床 (名詞)
bedroom,n,臥室 (名詞)
before,adv,以前 (副詞)
before,prep,在...之前 (介係詞)
begin,v,開始 (動詞)
beginner,n,初學者 (名詞)
behind,adv,在後面 (副詞)
behind,prep,在...後面 (介係詞)
believe,v,相信 (動詞)
belong,v,屬於 (動詞)
below,prep,在...下面 (介係詞)
belt,n,腰帶；皮帶 (名詞)
between,prep,在...之間 (兩者) (介係詞)
bicycle,n,自行車；腳踏車 (名詞)
big,adj,大的 (形容詞)
bike,n,自行車；摩托車 (名詞)
bill,n,帳單；鈔票 (名詞) (例如: Can I have my bill, please?)
bird,n,鳥 (名詞)
birthday,n,生日 (名詞)
biscuit,n,餅乾 (英式) (名詞)
bit,n,一點；少量 (名詞) (例如: Just a small bit of cake, please.)
black,adj,黑色的 (形容詞)
blanket,n,毯子 (名詞)
blond(e),adj,金髮的 (形容詞)
blouse,n,女式襯衫 (名詞)
blue,adj,藍色的 (形容詞)
board,n,板子；委員會 (名詞) (例如: The teacher's writing on the (black/white)board.)
boat,n,船 (名詞)
body,n,身體 (名詞)
boil,v,煮沸；沸騰 (動詞)
book,n,書 (名詞)
book,v,預訂 (動詞)
bookshelf,n,書架 (名詞)
bookshop,n,書店 (名詞)
boot,n,靴子 (名詞) (例如: football boots)
bored,adj,感到厭煩的 (形容詞)
boring,adj,令人厭煩的；無聊的 (形容詞)
born,adj,出生的 (形容詞) (例如: I was born in Manchester.)
borrow,v,借入 (動詞) (例如: She borrowed a book from the library.)
boss,n,老闆；上司 (名詞)
both,pron,兩者都 (代名詞)
both,det,兩者的 (限定詞)
bottle,n,瓶子 (名詞)
bottom,n,底部 (名詞) (例如: at the bottom of the stairs)
bowl,n,碗 (名詞)
box,n,盒子；箱子 (名詞)
boy,n,男孩 (名詞)
brake,n,煞車 (名詞)
brake,v,煞車 (動詞)
bread,n,麵包 (名詞)
break,n,休息；中斷 (名詞) (例如: a break for lunch)
break,v,打破；弄壞 (動詞) (例如: Someone's broken the window.)
breakfast,n,早餐 (名詞)
bridge,n,橋 (名詞)
brilliant,adj,傑出的；輝煌的；極好的 (形容詞) (例如: I thought the film was brilliant!)
bring,v,帶來；拿來 (動詞)
brother,n,兄弟 (名詞)
brown,adj,棕色的；褐色的 (形容詞)
build,v,建造；建立 (動詞)
building,n,建築物 (名詞)
burger,n,漢堡 (名詞)
burn,v,燃燒；燒傷 (動詞) (例如: He has burnt his hand.)
bus,n,公車；巴士 (名詞)
business,n,商業；生意；事務 (名詞)
businessman,n,商人 (男) (名詞)
businesswoman,n,女商人 (名詞)
bus station,n,公車站；客運總站 (名詞)
bus stop,n,公車站牌 (名詞)
busy,adj,忙碌的 (形容詞)
but,conj,但是；可是 (連接詞)
butter,n,奶油 (名詞)
buy,v,買 (動詞)
by,prep,藉由；在...旁邊；不遲於 (介係詞)
cafe/café,n,咖啡館；小餐館 (名詞)
cake,n,蛋糕 (名詞)
call,v,打電話；稱呼；呼叫 (動詞) (例如: I'll call (phone) again later this afternoon.; He's called John.)
camel,n,駱駝 (名詞)
camera,n,相機 (名詞)
camp,n,營地 (名詞)
camp,v,露營 (動詞)
campsite,n,露營地 (名詞)
can,n,罐頭 (名詞)
can,v,能夠；可以 (助動詞)
canal,n,運河 (名詞)
car,n,汽車 (名詞)
card,n,卡片；紙牌 (名詞)
career,n,職業；生涯 (名詞)
careful,adj,小心的；仔細的 (形容詞) (例如：Be careful! 小心！)
carpet,n,地毯 (名詞)
carrot,n,胡蘿蔔 (名詞)
carry,v,攜帶；運送 (動詞)
cartoon,n,卡通；漫畫 (名詞)
cash,n,現金 (名詞)
cash,v,兌現 (支票等) (動詞) (例如：I'd like to cash this cheque. 我想兌現這張支票。)
castle,n,城堡 (名詞)
cat,n,貓 (名詞)
catch,v,抓住；趕上 (動詞)
cathedral,n,大教堂 (名詞)
CD,n,光碟 (名詞)
CD player,n,CD播放器 (名詞)
cent,n,分 (貨幣單位) (名詞)
centre,n,中心 (名詞)
centimetre,n,公分 (名詞)
century,n,世紀 (名詞)
certain,adj,確定的；肯定的 (形容詞) (例如：I'm certain (+ that clause) 我確定...)
certainly (not),adv,當然；無疑地 (副詞) (也用於 certainly not: 當然不)
chair,n,椅子 (名詞)
change,v,改變；更換；兌換 (動詞)
change,n,改變；零錢 (名詞)
channel,n,頻道；海峽；管道 (名詞)
chat,n,聊天；閒談 (名詞)
chatroom,n,聊天室 (名詞)
cheap,adj,便宜的 (形容詞)
check,v,檢查；核對 (動詞)
cheers!,exclam,乾杯！；謝謝！ (英式) (感嘆詞)
cheese,n,起司；乳酪 (名詞)
chemist,n,藥劑師；藥局 (英式) (名詞)
cheque,n,支票 (英式) (名詞)
chicken,n,雞；雞肉 (名詞)
child,n,小孩 (名詞)
chips,n pl,炸薯條 (英式) (複數名詞) (例如：egg and chips 蛋和薯條)
chocolate,n,巧克力 (名詞)
choose,v,選擇 (動詞)
church,n,教堂 (名詞)
cinema,n,電影院 (英式) (名詞)
circus,n,馬戲團 (名詞)
city,n,城市 (名詞)
class,n,班級；課；等級 (名詞) (例如：a language class 語言課; a first-class ticket 頭等艙票)
class member,n,班級成員 (名詞)
classical,adj,古典的 (形容詞)
classmate,n,同學 (名詞)
classroom,n,教室 (名詞)
clean,adj,乾淨的 (形容詞)
clean,v,打掃；清潔 (動詞)
clear,adj,清楚的；明白的 (形容詞) (例如：It's not clear to me. 我不太明白。)
clever,adj,聰明的；靈巧的 (形容詞)
click,v,點擊 (滑鼠) (動詞) (例如：Click here to go to our website. 點此進入我們的網站。)
climb,v,攀爬 (動詞)
clock,n,時鐘 (名詞)
close,v,關閉；結束 (動詞)
closed,adj,關閉的；不開放的 (形容詞)
close to,prep phr,靠近；接近 (介詞片語)
clothes,n pl,衣服 (總稱) (複數名詞)
cloud,n,雲 (名詞)
cloudy,adj,多雲的 (形容詞)
clown,n,小丑 (名詞)
club,n,俱樂部；社團 (名詞) (例如：to join a club 加入俱樂部)
coach,n,教練；長途巴士 (名詞) (例如：a coach trip 長途巴士旅行; a tennis coach 網球教練)
coat,n,外套；大衣 (名詞)
coffee,n,咖啡 (名詞)
cold,adj,冷的；感冒的 (形容詞)
cold,n,寒冷；感冒 (名詞)
colleague,n,同事 (名詞)
collect,v,收集；領取 (動詞)
college,n,學院；大學 (名詞)
colour,n,顏色 (名詞)
comb,n,梳子 (名詞)
come,v,來 (動詞)
comfortable,adj,舒適的 (形容詞)
company,n,公司；陪伴 (名詞) (例如：What's the name of your company? 你的公司叫什麼名字？)
competition,n,比賽；競爭 (名詞)
computer,n,電腦 (名詞)
concert,n,音樂會 (名詞)
congratulations!,exclam,恭喜！ (感嘆詞)
conversation,n,對話；談話 (名詞)
cook,n,廚師 (名詞)
cook,v,烹飪；煮 (動詞)
cooker,n,爐具；炊具 (名詞)
cool,adj,涼爽的；酷的 (形容詞) (例如：That's a cool bike! 那輛自行車很酷！)
corner,n,角落；街角 (名詞) (例如：the corner of the street 街角)
correct,adj,正確的 (形容詞)
cost,n,成本；價格 (名詞)
cost,v,花費；價值為 (動詞)
costume,n,服裝；戲服 (名詞) (例如：I forgot my swimming costume. 我忘了我的泳裝。; The dancers wore colourful costumes. 舞者穿著色彩繽紛的服裝。)
could,v,能夠；可以 (can的過去式) (助動詞)
country,n,國家；鄉村 (名詞)
countryside,n,鄉村；郊外 (名詞)
course,n,課程；一道菜；路線；當然 (名詞) (例如：a university course 大學課程; a main course 主菜; of course (not) 當然(不))
cousin,n,表(堂)兄弟姊妹 (名詞)
cow,n,母牛 (名詞)
cream,n,奶油；乳霜 (名詞)
credit card,n,信用卡 (名詞)
cross,v,橫越；交叉 (動詞) (例如：Don't cross the road here! 不要在這裡過馬路！)
crossing,n,人行橫道；渡口 (名詞) (例如：Use the crossing to cross the street. 使用人行橫道過馬路。)
crossroads,n,十字路口 (名詞)
crowd,n,人群 (名詞)
crowded,adj,擁擠的 (形容詞)
cry,v,哭；喊叫 (動詞) (例如：The baby's crying. 寶寶在哭。)
cup,n,杯子 (名詞)
cupboard,n,櫥櫃；碗櫃 (名詞)
curtains,n,窗簾 (名詞)
customer,n,顧客 (名詞)
cut,v,切；剪；割 (動詞)
cycle,v,騎自行車 (動詞)
dad(dy),n,爸爸 (名詞)
daily,adj,每日的 (形容詞)
daily,adv,每日地 (副詞)
dance,n,舞蹈 (名詞)
dance,v,跳舞 (動詞)
dancing,n,跳舞 (名詞)
danger,n,危險 (名詞)
dangerous,adj,危險的 (形容詞)
dark,adj,黑暗的；深色的 (形容詞)
date,n,日期；約會 (名詞) (例如：What's the date today? 今天是幾號？)
daughter,n,女兒 (名詞)
day,n,天；白天 (名詞)
dead,adj,死的 (形容詞)
dear,adj,親愛的；昂貴的 (形容詞) (例如：Dear Anne, 親愛的安妮,)
decide,v,決定 (動詞)
degree,n,度數；學位；程度 (名詞) (例如：The temperature's 30 degrees today. 今天氣溫30度。)
delay,n,延遲；耽擱 (名詞) (例如：There will be a delay of two hours. 會有兩小時的延遲。)
delay,v,延遲；耽擱 (動詞) (例如：The flight is delayed. 班機延誤了。)
dentist,n,牙醫 (名詞)
department,n,部門；系 (名詞)
describe,v,描述；形容 (動詞)
desk,n,書桌；辦公桌 (名詞)
diary,n,日記 (名詞)
dictionary,n,字典 (名詞)
die,v,死亡 (動詞)
difference,n,差異；不同之處 (名詞)
different,adj,不同的 (形容詞)
difficult,adj,困難的 (形容詞)
digital,adj,數位的 (形容詞)
dining room,n,飯廳 (名詞)
dinner,n,晚餐 (名詞)
dinosaur,n,恐龍 (名詞)
diploma,n,文憑；畢業證書 (名詞)
dirty,adj,髒的 (形容詞)
disco,n,迪斯可舞廳 (名詞)
discount,n,折扣 (名詞)
dish,n,盤子；一道菜 (名詞) (例如：Chicken and chips is my favourite dish. 雞肉和薯條是我最喜歡的菜。)
do,v,做；幹 (動詞)
doctor,n,醫生 (名詞)
dog,n,狗 (名詞)
dollar,n,美元 (名詞)
dolphin,n,海豚 (名詞)
door,n,門 (名詞)
dot,n,點；小圓點 (名詞) (例如：dot com 點com (用於網址))
double,adj,雙倍的；雙人的 (形容詞) (例如：a double room 雙人房)
down,adv,向下；在樓下 (副詞)
down,prep,沿著...向下 (介係詞)
download,n,下載 (名詞) (例如：Can you get these as a download? 你可以把這些以下載方式取得嗎？)
download,v,下載 (動詞) (例如：I downloaded the songs from the internet. 我從網上下載了這些歌曲。)
downstairs,adv,在樓下；往樓下 (副詞)
dragon,n,龍 (名詞)
draw,v,畫；拉；吸引 (動詞)
drawing,n,繪畫；圖畫 (名詞)
dream,n,夢；夢想 (名詞)
dream,v,做夢；夢想 (動詞)
dress,n,洋裝；服裝 (名詞)
dress,v,穿衣服 (動詞)
drink,n,飲料 (名詞)
drink,v,喝 (動詞)
drive,v,駕駛；開車 (動詞)
driving licence,n,駕照 (名詞)
drum,n,鼓 (名詞)
dry,adj,乾的；乾燥的 (形容詞)
dry,v,弄乾；變乾 (動詞)
during,prep,在...期間 (介係詞)
DVD,n,數位影碟 (名詞)
DVD player,n,DVD播放器 (名詞)
each,det,每個的 (限定詞)
each,pron,每個 (代名詞)
ear,n,耳朵 (名詞)
early,adj,早的 (形容詞)
early,adv,早地 (副詞)
earn,v,賺取；贏得 (動詞)
east,n,東方；東部 (名詞)
east,adj,東方的 (形容詞)
east,adv,向東 (副詞)
easy,adj,容易的 (形容詞)
eat,v,吃 (動詞)
egg,n,蛋 (名詞)
electric,adj,電的；用電的 (形容詞)
electricity,n,電；電力 (名詞)
elephant,n,大象 (名詞)
else,adv,其他的；另外 (副詞) (例如：Anything else? 還有其他的嗎？)
email,n,電子郵件 (名詞)
email,v,寄電子郵件 (動詞)
empty,adj,空的 (形容詞)
empty,v,倒空；使空 (動詞)
end,v,結束 (動詞)
end,n,結尾；末端 (名詞)
engine,n,引擎；發動機 (名詞)
engineer,n,工程師 (名詞)
enjoy,v,享受；喜愛 (動詞)
enough,det,足夠的 (限定詞)
enough,pron,足夠的量 (代名詞)
enter,v,進入；參加 (動詞) (例如：Are you going to enter the poster competition? 你要參加海報比賽嗎？; Please enter through the side door. 請從側門進入。)
entrance,n,入口 (名詞)
envelope,n,信封 (名詞)
euro,n,歐元 (名詞)
even,adv,甚至；即使 (副詞)
evening,n,傍晚；晚上 (名詞)
ever,adv,曾經；從來 (副詞)
every,det,每個；所有 (限定詞)
everybody,pron,每個人 (代名詞)
everyone,pron,每個人 (代名詞)
everything,pron,每樣事物；一切 (代名詞)
everywhere,adv,到處；無論何處 (副詞)
examination/exam,n,考試；檢查 (名詞)
example,n,例子；榜樣 (名詞) (例如：Look at the example first. 先看例子。; for example 例如)
excellent,adj,優秀的；極好的 (形容詞)
except,prep,除了...之外 (介係詞)
exercise,n,運動；練習 (名詞)
exercise,v,運動；鍛鍊 (動詞)
excited,adj,興奮的；激動的 (形容詞)
exciting,adj,令人興奮的；刺激的 (形容詞)
excuse,v,原諒；作為藉口 (動詞) (例如：Excuse me! 對不起！/請問！)
exhibition,n,展覽；展覽會 (名詞) (例如：art exhibition 藝術展)
exit,n,出口 (名詞)
expensive,adj,昂貴的 (形容詞)
explain,v,解釋；說明 (動詞)
explore,v,探索；探險 (動詞) (例如：When I travel, I love exploring new cities. 當我旅行時，我喜歡探索新的城市。)
explorer,n,探險家 (名詞) (例如：This book's about famous explorers. 這本書是關於著名探險家的。)
extra,det,額外的 (限定詞)
extra,adj,額外的 (形容詞)
face,n,臉；面孔 (名詞)
factory,n,工廠 (名詞)
fan,n,風扇；迷；粉絲 (名詞)
fail,v,失敗；不及格 (動詞)
fair,adj,公平的；白皙的；晴朗的 (形容詞) (例如：She has fair hair. 她有金色的頭髮。)
fall,v,落下；跌倒 (動詞)
family,n,家庭；家人 (名詞)
famous,adj,著名的 (形容詞)
far,adv,遠地 (副詞) (例如：How far is the next garage? 下一個修車廠有多遠？)
farm,n,農場 (名詞)
fashion,n,時尚；流行 (名詞)
fast,adj,快的 (形容詞)
fast,adv,快地 (副詞)
fast food,n,速食 (名詞)
fat,adj,胖的；肥的 (形容詞)
father,n,父親 (名詞)
favourite,adj,最喜愛的 (形容詞)
feel,v,感覺；覺得 (動詞) (例如：to feel well 感覺很好)
festival,n,節日；慶典 (名詞)
few,det,很少數的 (限定詞)
few,adj,很少數的 (形容詞)
field,n,田野；領域；運動場 (名詞)
fill,v,充滿；填滿 (動詞)
fill in,phr v,填寫 (表格等) (動詞片語) (例如：to fill in a form 填寫表格)
film,n,電影；影片 (名詞)
film,v,拍攝電影 (動詞)
find,v,找到；發現 (動詞)
fine,adj,好的；晴朗的；細的 (形容詞) (例如：That's fine! 那很好！; I'm fine, thank you. 我很好，謝謝你。; The weather is fine. 天氣很好。)
finish,v,完成；結束 (動詞)
fire,n,火；火災 (名詞)
first,adv,首先；第一 (副詞) (例如：First... then... 首先...然後...; John came first. 約翰第一個到。)
first,adj,第一的 (形容詞) (例如：first name 名字)
fish,n,魚；魚肉 (名詞)
fish,v,釣魚 (動詞)
fit,adj,健康的；適合的 (形容詞)
flat,n,公寓 (英式) (名詞)
flight,n,班機；飛行 (名詞)
floor,n,地板；樓層 (名詞) (例如：The bedrooms are on the first floor. 臥室在一樓。; Don't leave your clothes on the floor. 不要把衣服留在地板上。)
flower,n,花 (名詞)
fly,n,蒼蠅 (名詞)
fly,v,飛；駕駛飛機 (動詞)
fog,n,霧 (名詞)
foggy,adj,有霧的 (形容詞)
follow,v,跟隨；遵循 (動詞)
food,n,食物 (名詞)
foot,n,腳；英尺 (名詞) (例如：my right foot 我的右腳)
football,n,足球 (名詞)
for,prep,為了；給；達 (一段時間) (介係詞)
foreign,adj,外國的 (形容詞)
forest,n,森林 (名詞)
forget,v,忘記 (動詞)
fork,n,叉子 (名詞) (例如：knife and fork 刀叉)
form,n,表格；形式；形狀 (名詞) (例如：Fill in this form. 填寫這張表格。)
free,adj,自由的；免費的；空閒的 (形容詞)
fresh,adj,新鮮的 (形容詞) (例如：fresh fruit 新鮮水果)
fridge,n,冰箱 (名詞)
fried,adj,油炸的；油煎的 (形容詞)
friend,n,朋友 (名詞)
friendly,adj,友善的 (形容詞)
from,prep,從；來自 (介係詞)
front,n,前面；正面 (名詞) (例如：in the front of the train 在火車前面; Stand in front of me. 站在我前面。)
fruit,n,水果 (名詞)
fry,v,油炸；油煎 (動詞)
full (of),adj,滿的；充滿...的 (形容詞)
fun,n,樂趣；好玩的事 (名詞)
funny,adj,有趣的；好笑的；古怪的 (形容詞)
furniture,n,傢俱 (總稱，不可數) (名詞)
game,n,遊戲；比賽 (名詞)
garage,n,車庫；修車廠 (名詞)
garden,n,花園；菜園 (名詞)
gas,n,氣體；瓦斯；汽油 (美式) (名詞) (例如：a gas cooker 瓦斯爐)
gate,n,大門；登機門 (名詞)
get,v,得到；變成；到達 (動詞)
get fit,v,健身；使身體健康 (動詞片語)
get off,phr v,下車 (船、飛機等) (動詞片語) (例如：to get off the bus 下公車)
get on,phr v,上車 (船、飛機等) (動詞片語) (例如：to get on the bus 上公車)
get up,phr v,起床；站起來 (動詞片語) (例如：to get up in the morning 早上起床)
girl,n,女孩 (名詞)
give,v,給 (動詞)
glad,adj,高興的；樂意的 (形容詞)
glass,n,玻璃；玻璃杯 (名詞)
glass,adj,玻璃製的 (形容詞)
glasses,n pl,眼鏡 (複數名詞)
go,v,去；走；進行 (動詞)
go out,phr v,出去；外出 (動詞片語) (例如：Are you going out this evening? 你今晚要出去嗎？)
golf,n,高爾夫球 (名詞)
gold,n,黃金 (名詞)
gold,adj,金色的；黃金製的 (形容詞)
good,adj,好的 (形容詞)
goodbye,exclam,再見 (感嘆詞)
gram(me),n,公克 (名詞)
grandchild,n,孫子；孫女；外孫；外孫女 (名詞)
grand(d)ad,n,爺爺；外公 (名詞)
granddaughter,n,孫女；外孫女 (名詞)
grandfather,n,祖父；外祖父 (名詞)
grandma,n,奶奶；外婆 (名詞)
grandmother,n,祖母；外祖母 (名詞)
grandpa,n,爺爺；外公 (名詞)
grandparent,n,祖父母；外祖父母 (名詞)
grandson,n,孫子；外孫 (名詞)
grape,n,葡萄 (名詞)
grass,n,草；草地 (名詞)
great,adj,偉大的；很棒的；大的 (形容詞)
green,adj,綠色的 (形容詞)
grey,adj,灰色的 (形容詞)
grill,v,燒烤 (動詞)
grilled,adj,燒烤的 (形容詞)
group,n,團體；組 (名詞)
grow,v,成長；種植 (動詞)
grow up,phr v,長大；成長 (動詞片語)
guest,n,客人；賓客 (名詞)
guest-house,n,賓館；招待所 (名詞)
guide,n,導遊；指南 (名詞)
guidebook,n,旅遊指南 (名詞)
guitar,n,吉他 (名詞)
guy,n,傢伙；人 (尤指男性) (名詞) (例如：He's a really nice guy. 他是個非常好的人。)
hair,n,頭髮 (名詞)
hairdresser,n,美髮師 (名詞)
hairdryer,n,吹風機 (名詞)
half,n,一半 (名詞)
half,pron,一半 (代名詞)
hall,n,大廳；走廊 (名詞)
hallo/hello!,exclam,哈囉；你好！ (感嘆詞)
hand,n,手 (名詞)
happen,v,發生 (動詞)
happy,adj,快樂的；高興的 (形容詞)
hard,adj,硬的；困難的；努力的 (形容詞) (例如：hard wood 硬木; the homework was hard 作業很難)
hard,adv,努力地 (副詞) (例如：to work hard 努力工作)
hat,n,帽子 (名詞)
hate,v,憎恨；討厭 (動詞)
have,v,有；吃；喝；進行 (動詞)
have got,v,有 (等於have，尤用於英式英語) (動詞)
have to,v,必須；不得不 (動詞)
he,pron,他 (代名詞)
head,n,頭；頭部 (名詞) (例如：My head hurts. 我頭痛。)
health,n,健康 (名詞)
healthy,adj,健康的 (形容詞)
hear,v,聽到 (動詞)
heart,n,心臟；心 (名詞)
heating,n,暖氣；供暖系統 (名詞) (例如：Can you turn the heating on? 你可以開暖氣嗎？)
heavy,adj,重的；大量的 (形容詞) (例如：a heavy blanket 厚重的毯子)
helicopter,n,直升機 (名詞)
help,v,幫助 (動詞)
her,det,她的 (限定詞)
her,pron,她 (受格) (代名詞)
herself,pron,她自己 (反身代名詞)
here,adv,這裡；在這裡 (副詞)
hers,pron,她的 (所有格代名詞)
high,adj,高的 (形容詞)
hill,n,小山；丘陵 (名詞)
him,pron,他 (受格) (代名詞)
himself,pron,他自己 (反身代名詞)
hip hop,n,嘻哈 (音樂/文化) (名詞)
his,det,他的 (限定詞)
his,pron,他的 (所有格代名詞)
hit,v,打；擊中 (動詞)
hobby,n,嗜好；興趣 (名詞)
hockey,n,曲棍球 (名詞)
holiday(s),n,假日；假期 (名詞)
home,n,家；家庭 (名詞)
home,adv,在家；回家 (副詞)
homework,n,家庭作業 (名詞)
hope,v,希望 (動詞)
horse,n,馬 (名詞)
hospital,n,醫院 (名詞)
hot,adj,熱的；辣的 (形容詞)
hotel,n,旅館；飯店 (名詞)
hour,n,小時 (名詞)
house,n,房子；住宅 (名詞)
how,adv,如何；怎麼樣；多少 (副詞)
hungry,adj,飢餓的 (形容詞)
hurry,v,匆忙；趕快 (動詞)
hurt,v,傷害；弄痛 (動詞)
husband,n,丈夫 (名詞)
I,pron,我 (代名詞)
ice,n,冰 (名詞)
ice cream,n,冰淇淋 (名詞)
ice skating,n,滑冰 (名詞)
idea,n,想法；主意 (名詞)
if,conj,如果；是否 (連接詞)
ill,adj,生病的 (形容詞)
immediately,adv,立刻；馬上 (副詞)
important,adj,重要的 (形容詞)
impossible,adj,不可能的 (形容詞)
improve,v,改善；進步 (動詞)
in,adv,在裡面；進來 (副詞)
in,prep,在...裡面；在 (某年/月) (介係詞)
include,v,包括；包含 (動詞)
indoor,adj,室內的 (形容詞)
indoors,adv,在室內 (副詞)
information,n,資訊；情報 (名詞)
in front of,prep phr,在...前面 (介詞片語)
insect,n,昆蟲 (名詞)
inside,adv,在裡面 (副詞)
inside,prep,在...裡面 (介係詞)
instead,adv,代替地；反而 (副詞)
instead of,prep phr,代替；而不是 (介詞片語)
instructions,n pl,指示；說明 (複數名詞)
instrument,n,儀器；樂器 (名詞)
insurance,n,保險 (名詞) (例如：car insurance 汽車保險)
interested,adj,感興趣的 (形容詞)
interesting,adj,有趣的；令人感興趣的 (形容詞)
international,adj,國際的 (形容詞)
internet,n,網際網路 (名詞)
into,prep,進入；到...裡面 (介係詞)
invite,v,邀請 (動詞)
island,n,島嶼 (名詞)
it,pron,它；牠 (代名詞)
its,det,它的；牠的 (限定詞)
itself,pron,它自己；牠自己 (反身代名詞)
jacket,n,夾克 (名詞)
jam,n,果醬；擁塞 (名詞) (例如：fruit jam 水果果醬)
jeans,n pl,牛仔褲 (複數名詞)
job,n,工作；職業 (名詞)
join,v,加入；連接 (動詞)
journalist,n,記者 (名詞)
journey,n,旅行；旅程 (名詞)
juice,n,果汁 (名詞)
jump,v,跳 (動詞)
just,adv,剛才；只是；正好 (副詞) (例如：I've just seen Tom. 我剛才見到湯姆。; Just a moment. 請稍等。)
keep,v,保持；繼續；飼養 (動詞) (例如：May I keep this? 我可以保留這個嗎？; Keep right! 靠右行駛！)
key,n,鑰匙；關鍵；琴鍵 (名詞)
keyboard,n,鍵盤；電子琴 (名詞) (例如：I play the keyboard in a band. 我在樂隊裡彈電子琴。; The keyboard for my computer is broken. 我電腦的鍵盤壞了。)
kilo(gram[me]) / kg,n,公斤 (名詞)
kilometre / km,n,公里 (名詞)
kind,adj,親切的；友好的 (形容詞) (例如：That's very kind of you. 你真是太好了。)
kind,n,種類 (名詞) (例如：What kind of book do you want? 你想要哪種書？)
king,n,國王 (名詞)
kitchen,n,廚房 (名詞)
kite,n,風箏 (名詞)
knife,n,刀子 (名詞)
know,v,知道；認識 (動詞)
lake,n,湖 (名詞)
lamp,n,燈 (名詞)
language,n,語言 (名詞)
laptop (computer),n,筆記型電腦 (名詞)
large,adj,大的 (形容詞)
last,adj,最後的；上一個的 (形容詞)
last,adv,最後地 (副詞)
late,adj,晚的；遲的 (形容詞) (例如：The train is going to be late. 火車要晚點了。)
late,adv,晚地；遲地 (副詞)
later,adv,稍後；後來 (副詞) (例如：I'll see you later. 待會見。)
laugh,v,笑 (動詞)
learn,v,學習 (動詞)
leather,n,皮革 (名詞)
leather,adj,皮革製的 (形容詞)
leave,v,離開；留下 (動詞) (例如：The train leaves at 10 o'clock. 火車十點開。; I left my bag in the cinema. 我把包包留在電影院了。; There isn't any milk left. 沒有牛奶了。)
left,n,左邊 (名詞) (例如：Go to the left. 往左走。)
left,adj,左邊的 (形容詞) (例如：left hand 左手)
left,adv,向左 (副詞) (例如：Turn left. 向左轉。)
leg,n,腿 (名詞)
lemon,n,檸檬 (名詞)
lemonade,n,檸檬水 (名詞)
less,adj,較少的 (little的比較級) (形容詞)
less,det,較少的 (限定詞)
less,pron,較少的量 (代名詞)
less,adv,較少地 (副詞)
lesson,n,課；教訓 (名詞)
let,v,讓；允許 (動詞)
letter,n,信；字母 (名詞)
level,n,水平；程度；級別 (名詞) (例如：language level 語言程度)
library,n,圖書館 (名詞)
licence,n,執照；許可證 (名詞) (例如：driving licence 駕照)
lie down,phr v,躺下 (動詞片語)
life,n,生活；生命 (名詞)
lift,n,電梯 (英式)；搭便車 (名詞) (例如：Take the lift to the third floor. 搭電梯到三樓。)
light,n,光線；燈 (名詞)
light,adj,輕的；淺色的；明亮的 (形容詞)
like,v,喜歡 (動詞) (例如：I'd like a drink. 我想喝一杯。)
like,prep,像；如同 (介係詞) (例如：It's like an orange but bigger. 它像柳橙但比較大。)
like,adv,怎麼樣 (用於疑問) (副詞) (例如：What's the weather like? 天氣怎麼樣？)
line,n,線；隊伍；台詞 (名詞) (例如：draw a line 畫一條線; the next line 下一行)
lion,n,獅子 (名詞)
listen,v,聽 (動詞)
litre,n,公升 (名詞)
little,adj,小的；少的 (形容詞)
little,det,少許的 (限定詞)
little,pron,少許 (代名詞)
live,v,居住；生活 (動詞)
living room,n,客廳 (名詞)
long,adj,長的 (形容詞)
look,v,看；看起來 (動詞) (例如：You look happy. 你看起來很高興。; Don't look now! 現在別看！)
look after,phr v,照顧 (動詞片語)
look at,phr v,看著 (動詞片語)
look for,phr v,尋找 (動詞片語)
look out,phr v,小心；當心 (動詞片語) (例如：Look out - it's going to fall! 小心 - 它要掉下來了！)
lorry,n,卡車 (英式) (名詞)
lose,v,失去；輸掉 (動詞) (例如：We lost the game. 我們輸了比賽。; I've lost my passport. 我弄丟了我的護照。)
lot,n,許多；大量 (名詞) (例如：a lot of homework 很多作業)
lots,n,許多；大量 (名詞)
loud,adj,大聲的 (形容詞)
love,n,愛；喜愛 (名詞)
love,v,愛；喜愛 (動詞)
lovely,adj,可愛的；美好的 (形容詞)
low,adj,低的 (形容詞)
luck,n,運氣 (名詞)
lucky,adj,幸運的 (形容詞)
luggage,n,行李 (總稱，不可數) (名詞)
lunch,n,午餐 (名詞)
machine,n,機器 (名詞)
magazine,n,雜誌 (名詞)
make,v,製造；使得；賺 (動詞)
make up,n,化妝品 (名詞)
man,n,男人；人類 (名詞)
manager,n,經理 (名詞)
many,det,許多的 (限定詞)
many,adj,許多的 (形容詞)
many,pron,許多 (代名詞)
map,n,地圖 (名詞)
market,n,市場 (名詞)
married,adj,已婚的 (形容詞)
match,n,比賽；火柴；相配的人/物 (名詞) (例如：football match 足球比賽)
matter,v,要緊；有關係 (動詞) (例如：It doesn't matter. 沒關係。)
maybe,adv,或許；大概 (副詞)
me,pron,我 (受格) (代名詞)
meal,n,一餐 (名詞)
mean,v,意思是；打算 (動詞)
meat,n,肉類 (名詞)
mechanic,n,技工；機械師 (名詞)
medicine,n,藥；醫學 (名詞)
meet,v,遇見；開會 (動詞)
meeting,n,會議 (名詞)
member,n,成員 (名詞) (例如：a member of a club 俱樂部成員)
menu,n,菜單 (名詞)
message,n,訊息；留言 (名詞)
metre,n,公尺 (名詞)
middle,n,中間 (名詞) (例如：in the middle 在中間)
midnight,n,午夜 (名詞)
mile,n,英里 (名詞)
milk,n,牛奶 (名詞)
million,n,百萬 (名詞)
mind,v,介意；注意；照看 (動詞) (例如：Do you mind if I close the window? 你介意我關窗嗎？; I don't mind if... 我不介意如果...; Mind your head! 小心你的頭！)
mine,pron,我的 (所有格代名詞)
mineral water,n,礦泉水 (名詞)
minute,n,分鐘 (名詞)
mirror,n,鏡子 (名詞)
Miss,n,小姐 (用於未婚女性姓氏前) (名詞)
miss,v,錯過；想念 (動詞)
mistake,n,錯誤 (名詞)
mobile (phone),n,手機 (名詞)
modern,adj,現代的 (形容詞)
moment,n,片刻；瞬間 (名詞) (例如：Just a moment. 請稍等。)
money,n,錢；金錢 (名詞)
monkey,n,猴子 (名詞)
month,n,月份 (名詞)
monthly,adj,每月的 (形容詞)
monthly,adv,每月地 (副詞)
moon,n,月亮 (名詞)
more,adj,更多的 (many/much的比較級) (形容詞)
more,det,更多的 (限定詞)
more,pron,更多的量/數 (代名詞)
more,adv,更 (副詞)
morning,n,早上；上午 (名詞)
most,adj,最多的 (many/much的最高級)；大部分的 (形容詞)
most,det,最多的；大部分的 (限定詞)
most,pron,最多的量/數；大部分 (代名詞)
most,adv,最 (副詞)
mother,n,母親 (名詞)
motorbike,n,摩托車 (名詞)
motorway,n,高速公路 (英式) (名詞)
mountain,n,山 (名詞)
mouse,n,老鼠；滑鼠 (名詞)
mouth,n,嘴巴 (名詞)
move,v,移動；搬家 (動詞)
MP3 player,n,MP3播放器 (名詞)
Mr,n,先生 (用於男性姓氏前) (名詞)
Mrs,n,太太；夫人 (用於已婚女性姓氏前) (名詞)
Ms,n,女士 (用於女性姓氏前，不論婚否) (名詞)
much,adj,許多的 (不可數) (形容詞)
much,det,許多的 (不可數) (限定詞)
much,pron,許多的量 (不可數) (代名詞)
much,adv,非常；很 (副詞)
mum(my),n,媽媽 (名詞)
museum,n,博物館 (名詞)
music,n,音樂 (名詞)
musician,n,音樂家 (名詞)
must,v,必須 (助動詞)
my,det,我的 (限定詞)
myself,pron,我自己 (反身代名詞)
name,n,名字；名稱 (名詞)
national,adj,國家的；民族的 (形容詞)
nationality,n,國籍 (名詞)
nature,n,自然；本性 (名詞)
near,adv,附近 (副詞)
near,prep,靠近 (介係詞)
nearly,adv,幾乎；差不多 (副詞)
neck,n,脖子 (名詞)
need,v,需要 (動詞)
neighbour,n,鄰居 (名詞)
never,adv,從不；永不 (副詞)
new,adj,新的 (形容詞)
news,n,新聞；消息 (名詞)
newsagent,n,報攤；書報攤販 (名詞)
newspaper,n,報紙 (名詞)
next,adj,下一個的；緊鄰的 (形容詞)
next,adv,接下來；然後 (副詞)
next to,prep,在...旁邊 (介係詞)
nice,adj,好的；令人愉快的；友善的 (形容詞)
night,n,夜晚 (名詞)
no,det,沒有；無 (限定詞)
no,exclam,不 (感嘆詞)
nobody,pron,沒有人 (代名詞)
no one,pron,沒有人 (代名詞)
noisy,adj,吵鬧的 (形容詞)
noon,n,中午 (名詞)
none,pron,一個也沒有；一點也沒有 (代名詞)
normal,adj,正常的；標準的 (形容詞)
north,n,北方；北部 (名詞)
north,adj,北方的 (形容詞)
north,adv,向北 (副詞)
nose,n,鼻子 (名詞)
not,adv,不；沒有 (副詞)
note,n,筆記；便條；音符；紙幣 (名詞)
note,v,注意；記錄 (動詞)
nothing,pron,沒有什麼；無事 (代名詞)
now,adv,現在 (副詞)
nowhere,adv,無處；任何地方都不 (副詞)
number,n,數字；號碼；數量 (名詞)
nurse,n,護士 (名詞)
occupation,n,職業 (名詞)
o'clock,adv,...點鐘 (副詞)
of,prep,的；屬於；關於 (介係詞)
of course (not),adv,當然(不) (副詞片語)
off,adv,離開；脫離；關掉 (副詞)
office,n,辦公室 (名詞)
often,adv,常常；經常 (副詞)
oil,n,油；石油 (名詞) (例如：car oil 汽車機油; cooking oil 食用油)
OK/okay,exclam,好的；可以 (感嘆詞)
old,adj,老的；舊的 (形容詞)
omelette,n,煎蛋捲；歐姆蛋 (名詞)
on,prep,在...上面；關於；在 (某日/時間) (介係詞)
on,adv,開著；繼續 (副詞)
once,adv,一次；曾經 (副詞) (例如：only once 僅此一次)
one,pron,一個；任何人 (代名詞)
one,det,一個的 (限定詞)
one,num,一 (數字)
onion,n,洋蔥 (名詞)
online,adj,線上的 (形容詞)
online,adv,在線上 (副詞)
only,adv,只有；僅僅 (副詞) (例如：I only wanted to help. 我只是想幫忙。)
only,adj,唯一的 (形容詞) (例如：the only one 唯一的一個)
open,adj,開著的；開放的 (形容詞)
open,v,打開；開始 (動詞)
opera,n,歌劇 (名詞)
opposite,prep,在...對面 (介係詞)
or,conj,或者；否則 (連接詞)
orange,adj,橘色的 (形容詞)
orange,n,柳橙；橘色 (名詞)
order,n,順序；命令；訂單 (名詞)
other,det,其他的；另外的 (限定詞)
our,det,我們的 (限定詞)
ours,pron,我們的 (所有格代名詞)
ourselves,pron,我們自己 (反身代名詞)
out,adv,外面；向外 (副詞)
outdoor,adj,戶外的 (形容詞)
outdoors,adv,在戶外 (副詞)
outside,prep,在...外面 (介係詞)
outside,adv,在外面 (副詞)
over,prep,在...上方；越過；超過 (介係詞) (例如：to travel all over the world 環遊世界)
over,adv,結束；超過；翻轉 (副詞) (例如：over 60 people 超過60人)
own,adj,自己的 (形容詞) (例如：They cook their own meals. 他們自己做飯。)
pack,v,打包；裝箱 (動詞) (例如：pack a suitcase 打包行李箱)
page,n,頁 (名詞)
pain,n,疼痛 (名詞)
paint,v,油漆；繪畫 (動詞)
paint,n,油漆；顏料 (名詞)
pair,n,一雙；一對 (名詞) (例如：a pair of shoes 一雙鞋)
paper,n,紙；報紙；文件；論文 (名詞)
paper,adj,紙製的 (形容詞)
pardon,exclam,對不起；請再說一遍 (感嘆詞) (例如：Pardon? 什麼？/請再說一遍？)
parent,n,父母 (父親或母親) (名詞)
park,n,公園；停車場 (名詞)
park,v,停車 (動詞)
parrot,n,鸚鵡 (名詞)
part,n,部分；零件；角色 (名詞) (例如：the best part of the day 一天中最好的部分)
party,n,派對；政黨 (名詞)
pass,v,通過；經過；傳遞 (動詞) (例如：You pass the station on the left. 你會經過左邊的車站。; to pass a driving test 通過駕照考試)
passenger,n,乘客 (名詞)
passport,n,護照 (名詞)
past,prep,經過；過了 (時間) (介係詞)
pasta,n,義大利麵 (總稱) (名詞)
path,n,小徑；路徑 (名詞)
pay,v,付錢；償還 (動詞)
pen,n,筆 (名詞)
pence,n pl,便士 (penny的複數，英式貨幣) (複數名詞)
pencil,n,鉛筆 (名詞)
pencil case,n,鉛筆盒 (名詞)
pen-friend,n,筆友 (名詞)
penny,n,便士 (英式貨幣) (名詞)
people,n pl,人們；人民 (複數名詞)
pepper,n,胡椒；甜椒 (名詞)
per,prep,每；每一 (介係詞)
perhaps,adv,或許；大概 (副詞)
person,n,人 (名詞)
pet,n,寵物 (名詞)
petrol,n,汽油 (英式) (名詞)
petrol station,n,加油站 (英式) (名詞)
pharmacy,n,藥局；藥房 (名詞)
phone,v,打電話 (動詞)
phone,n,電話 (名詞)
photo(graph),n,照片 (名詞)
photography,n,攝影；攝影術 (名詞)
piano,n,鋼琴 (名詞)
picnic,n,野餐 (名詞)
picture,n,圖片；照片；電影 (名詞)
piece,n,一塊；一片；一件 (名詞) (例如：a piece of cake 一塊蛋糕)
pillow,n,枕頭 (名詞)
pilot,n,飛行員 (名詞)
pink,adj,粉紅色的 (形容詞)
pity,n,可惜；憐憫 (名詞) (例如：What a pity! 真可惜！)
pizza,n,披薩 (名詞)
place,n,地方；地點；位置 (名詞)
plan,n,計畫；方案 (名詞)
plan,v,計畫；打算 (動詞)
plane,n,飛機 (名詞) (例如：The plane was late. 飛機晚點了。)
plant,n,植物；工廠 (名詞)
plastic,n,塑膠 (名詞)
plastic,adj,塑膠製的 (形容詞)
plate,n,盤子 (名詞)
platform,n,月台；平台 (名詞) (例如：Your train leaves from Platform 8. 你的火車從8號月台開出。)
play,v,玩；演奏；扮演；比賽 (動詞) (例如：to play football 踢足球; to play the guitar 彈吉他)
play,n,戲劇；玩耍 (名詞) (例如：a play at the theatre 劇院的戲劇)
playground,n,遊樂場 (名詞)
pleasant,adj,令人愉快的；舒適的 (形容詞)
please,v,取悅；使高興 (動詞) (例如：I'm very pleased for you. 我真為你高興。)
please,exclam,請 (感嘆詞) (例如：Please be quiet! 請安靜！)
p.m.,adv,下午；午後 (副詞)
pocket,n,口袋 (名詞)
point,v,指向；指出 (動詞)
police,n,警察 (總稱) (名詞)
police car,n,警車 (名詞)
police officer,n,警官；警察 (名詞)
police station,n,警察局 (名詞)
pool,n,水池；游泳池 (名詞) (例如：swimming pool 游泳池)
poor,adj,貧窮的；可憐的；差的 (形容詞)
pop,n,流行音樂 (名詞)
pop,adj,流行的 (形容詞) (例如：pop music 流行音樂)
popular,adj,受歡迎的；流行的 (形容詞)
possible,adj,可能的 (形容詞)
post,v,郵寄；張貼 (動詞) (例如：to post a letter 寄信)
post,n,郵件；職位；柱子 (名詞) (例如：What's in the post today? 今天有什麼郵件？)
postcard,n,明信片 (名詞)
post office,n,郵局 (名詞)
poster,n,海報 (名詞)
potato,n,馬鈴薯 (名詞)
pound (£),n,英鎊；磅 (重量單位) (名詞)
practice,n,練習；實踐 (名詞) (例如：football practice 足球練習)
practise,v,練習 (動詞) (例如：You must practise if you want to play well. 如果你想打得好，就必須練習。)
prefer,v,比較喜歡；寧願 (動詞)
present,n,禮物；現在 (名詞) (例如：a birthday present 生日禮物)
pretty,adj,漂亮的；相當的 (形容詞)
price,n,價格 (名詞)
prize,n,獎品；獎賞 (名詞)
problem,n,問題 (名詞)
programme,n,節目；計畫；課程 (英式) (名詞) (例如：TV programme 電視節目)
project,n,計畫；專案；課題 (名詞) (例如：a school project 學校作業/專題)
pull,v,拉；拖 (動詞)
pupil,n,學生 (尤指小學生) (名詞)
purple,adj,紫色的 (形容詞)
purse,n,錢包 (尤指女用) (名詞)
push,v,推 (動詞)
put,v,放；放置 (動詞)
put on,phr v,穿上；戴上；上演 (動詞片語)
quiz,n,小考；測驗；問答競賽 (名詞)
race,n,賽跑；種族 (名詞) (例如：a running race 賽跑)
race,v,賽跑；競速 (動詞) (例如：She raced her brother to the bus stop. 她和她哥哥賽跑去公車站。)
racket,n,球拍 (名詞) (例如：Can I borrow your tennis racket? 我可以借你的網球拍嗎？)
radio,n,收音機；無線電 (名詞)
railway,n,鐵路 (名詞)
rain,n,雨；雨水 (名詞)
rain,v,下雨 (動詞)
raincoat,n,雨衣 (名詞)
rap,n,饒舌歌 (名詞)
rather,adv,相當；寧可 (副詞) (例如：rather old 相當老)
read,v,閱讀；朗讀 (動詞)
ready,adj,準備好的 (形容詞) (例如：When will it be ready? 什麼時候會準備好？)
real,adj,真實的；真正的 (形容詞)
really,adv,真正地；非常 (副詞)
receptionist,n,接待員 (名詞)
red,adj,紅色的 (形容詞)
reggae,n,雷鬼音樂 (名詞)
remember,v,記得；記住 (動詞)
rent,v,租用；出租 (動詞)
repair,v,修理 (動詞)
rest,n,休息；剩餘部分 (名詞) (例如：to have a rest 休息一下)
rest,v,休息 (動詞) (例如：'Try to rest', the doctor said. 醫生說：「試著休息一下」。)
restaurant,n,餐廳；餐館 (名詞)
return,n,歸還；返回；回報 (名詞) (例如：my return from holiday 我度假回來)
return,v,歸還；返回 (動詞) (例如：He returned home late. 他很晚回家。; She returned her library books. 她歸還了圖書館的書。)
rice,n,米飯；稻米 (名詞)
rich,adj,富有的；豐富的 (形容詞)
ride,n,騎乘；搭乘 (名詞)
ride,v,騎 (馬、自行車等)；搭乘 (動詞)
right,n,右邊；權利 (名詞) (例如：He swam to the right. 他向右游。)
right,adj,右邊的；正確的 (形容詞) (例如：your right hand 你的右手; That's the right answer. 那是正確答案。)
right,adv,向右；正好；立即 (副詞) (例如：Turn right here. 在這裡右轉。)
river,n,河流 (名詞)
road,n,路；道路 (名詞)
roast,v,烤 (肉類等) (動詞)
roast,adj,烤的 (形容詞)
rock,n,岩石；搖滾樂 (名詞) (例如：rock concert 搖滾音樂會)
roof,n,屋頂 (名詞)
room,n,房間；空間 (名詞) (例如：a double room 雙人房)
round,adj,圓的；環繞的 (形容詞)
roundabout,n,圓環；旋轉木馬 (名詞)
run,v,跑；經營；運轉 (動詞)
sad,adj,悲傷的；難過的 (形容詞)
safe,adj,安全的 (形容詞)
sail,v,航行；駕駛帆船 (動詞)
sailing,n,帆船運動；航行 (名詞)
salad,n,沙拉 (名詞)
sale,n,銷售；特價 (名詞) (例如：for sale 出售)
salt,n,鹽 (名詞)
same,adj,相同的；同樣的 (形容詞) (例如：at the same time 同時)
same,pron,同樣的事物/人 (代名詞) (例如：Your watch is the same as mine. 你的手錶和我的相同。)
sandwich,n,三明治 (名詞)
save,v,拯救；節省；儲存 (動詞) (例如：to save money 省錢; to save time 省時間)
say,v,說；講 (動詞)
school,n,學校 (名詞)
screen,n,螢幕；屏風 (名詞)
scooter,n,滑板車；小型摩托車 (名詞)
sea,n,海；海洋 (名詞)
seat,n,座位 (名詞)
second,n,秒；第二名 (名詞)
second,adj,第二的 (形容詞)
secretary,n,秘書 (名詞)
see,v,看見；明白；拜訪 (動詞)
sell,v,賣；銷售 (動詞)
send,v,寄；送；派遣 (動詞)
sentence,n,句子；判決 (名詞)
several,det,幾個的；數個的 (限定詞)
several,adj,幾個的；數個的 (形容詞)
shall,v,將要 (用於第一人稱，表將來或提議) (助動詞)
shampoo,v,用洗髮精洗 (頭髮) (動詞)
shampoo,n,洗髮精 (名詞)
she,pron,她 (代名詞)
sheet,n,床單；一張 (紙) (名詞) (例如：a bed sheet 床單)
shelf,n,架子 (名詞)
ship,n,船 (大型) (名詞)
shirt,n,襯衫 (名詞)
shoe,n,鞋子 (名詞)
shop,n,商店 (名詞)
shop,v,購物 (動詞)
shop assistant,n,店員 (名詞)
short,adj,短的；矮的 (形容詞) (例如：a short time 短時間)
shorts,n pl,短褲 (複數名詞)
should,v,應該 (助動詞)
shout,v,喊叫 (動詞)
show,v,展示；顯示；表演 (動詞) (例如：Show me your photos. 給我看你的照片。)
show,n,表演；展覽 (名詞) (例如：a film show 電影放映)
shower,n,淋浴；陣雨 (名詞)
shut,v,關閉 (動詞)
sick,adj,生病的；噁心的 (形容詞)
side,n,邊；面；旁邊 (名詞) (例如：this side of the room 房間的這一邊)
silver,n,銀；銀器 (名詞)
silver,adj,銀色的；銀製的 (形容詞)
since,prep,自從...以來 (介係詞)
sincerely,adv,真誠地；由衷地 (副詞) (例如：Yours sincerely 您真誠的 (信末署名前用語))
sing,v,唱歌 (動詞)
single,adj,單一的；單身的 (形容詞)
sister,n,姐妹 (名詞)
sit,v,坐 (動詞)
sit down,phr v,坐下 (動詞片語)
sitting room,n,起居室；客廳 (名詞)
size,n,尺寸；大小 (名詞)
skate,v,溜冰；滑冰 (動詞)
skateboard,n,滑板 (名詞)
ski,v,滑雪 (動詞)
skirt,n,裙子 (名詞)
sky,n,天空 (名詞)
sleep,v,睡覺 (動詞)
slice,n,薄片；一份 (名詞)
slow,adj,慢的 (形容詞)
small,adj,小的 (形容詞)
smoke,v,抽煙；冒煙 (動詞)
snack,n,點心；小吃 (名詞)
snow,n,雪 (名詞)
snow,v,下雪 (動詞)
snowboard,n,滑雪板 (單板) (名詞)
snowboarding,n,單板滑雪運動 (名詞)
so,conj,所以；因此 (連接詞) (例如：So, I think it's right. 所以，我認為它是對的。; He ate too much, so he felt ill. 他吃太多了，所以他覺得不舒服。)
so,adv,如此；這麼 (副詞) (例如：He wanted to go but he didn't say so. 他想去但他沒這麼說。)
soap,n,肥皂 (名詞)
sock,n,襪子 (短襪) (名詞)
sofa,n,沙發 (名詞)
soft,adj,軟的；溫柔的 (形容詞)
some,det,一些；有些 (限定詞)
some,pron,一些；有些 (代名詞)
somebody,pron,某人 (代名詞)
someone,pron,某人 (代名詞)
something,pron,某事；某物 (代名詞)
sometimes,adv,有時候 (副詞)
somewhere,adv,在某處 (副詞)
son,n,兒子 (名詞)
song,n,歌曲 (名詞)
soon,adv,很快；不久 (副詞)
sorry,adj,抱歉的；遺憾的 (形容詞) (例如：I'm sorry I'm late. 對不起我遲到了。; Sorry, I don't understand that. 對不起，我不明白那個。)
sound,v,聽起來；發出聲音 (動詞) (例如：That sounds nice. 那聽起來不錯。)
soup,n,湯 (名詞)
south,n,南方；南部 (名詞)
south,adj,南方的 (形容詞)
south,adv,向南 (副詞)
space,n,空間；太空 (名詞)
speak,v,說話；演講 (動詞)
special,adj,特別的；特殊的 (形容詞)
spell,v,拼字 (動詞)
spend,v,花費 (時間、金錢)；度過 (動詞)
spoon,n,湯匙 (名詞)
sport,n,運動 (名詞)
sports centre,n,運動中心 (名詞)
spring,n,春天；泉水；彈簧 (名詞) (例如：I hate winter but I love spring. 我討厭冬天但我愛春天。)
square,n,正方形；廣場 (名詞)
square,adj,正方形的 (形容詞)
stadium,n,體育場 (名詞)
staff,n,全體員工；教職員 (集合名詞) (名詞)
stage,n,舞台；階段 (名詞)
stairs,n pl,樓梯 (複數名詞)
stamp,n,郵票；印章 (名詞) (例如：Put a stamp on the envelope. 在信封上貼郵票。)
stand,v,站立；忍受 (動詞) (例如：She was standing at the bus stop. 她正站在公車站。)
star,n,星星；明星 (名詞)
star,v,主演 (動詞)
start,v,開始；出發 (動詞)
station,n,車站；局；台 (名詞)
stay,v,停留；保持 (動詞)
steak,n,牛排；肉排 (名詞)
steal,v,偷竊 (動詞) (例如：Someone's stolen my bag! 有人偷了我的包！)
still,adv,仍然；還 (副詞)
stomach,n,胃；腹部 (名詞)
stop,n,停止；車站 (名詞)
stop,v,停止；阻止 (動詞)
store,n,商店 (尤指大型)；儲存 (名詞)
storm,n,暴風雨 (名詞)
story,n,故事 (名詞)
straight,adj,直的；坦率的 (形容詞)
straight on,adv,一直往前 (副詞)
strange,adj,奇怪的；陌生的 (形容詞) (例如：That's a strange story! 那是個奇怪的故事！)
street,n,街道 (名詞)
strong,adj,強壯的；濃的 (形容詞)
student,n,學生 (名詞)
studies,n pl,學業；研究 (複數名詞)
study,v,學習；研究 (動詞)
subject,n,科目；主題；主詞 (名詞) (例如：What's your favourite subject at school? 你在學校最喜歡的科目是什麼？; the subject of a talk 談話的主題)
success,n,成功 (名詞)
such,det,如此的；這樣的 (限定詞)
such,adj,如此的；這樣的 (形容詞)
suddenly,adv,突然地 (副詞)
sugar,n,糖 (名詞)
suit,n,西裝；套裝；訴訟 (名詞) (例如：He was wearing a grey suit. 他穿著一套灰色西裝。)
suitcase,n,行李箱 (名詞)
summer,n,夏天 (名詞)
sun,n,太陽 (名詞)
sunny,adj,晴朗的 (形容詞)
supermarket,n,超級市場 (名詞)
supper,n,晚餐；宵夜 (名詞)
suppose,v,猜想；認為；假定 (動詞) (例如：I suppose so. 我想是這樣。; I suppose you're right. 我想你是對的。)
sure,adj,確定的；肯定的 (形容詞) (例如：I'm (not) sure. 我(不)確定。)
surfboard,n,衝浪板 (名詞)
surfing,n,衝浪運動 (名詞)
surname,n,姓氏 (名詞)
surprise,n,驚訝；令人驚訝的事物 (名詞)
surprised,adj,感到驚訝的 (形容詞)
sweater,n,毛衣 (名詞)
sweet,n,糖果 (英式)；甜點 (名詞)
sweet,adj,甜的；可愛的 (形容詞)
swim,v,游泳 (動詞)
table,n,桌子；表格 (名詞)
table-tennis,n,桌球；乒乓球 (名詞)
take,v,拿；帶；花費(時間)；乘坐 (動詞) (例如：I'll take it to your room. 我會把它拿到你房間。; It takes three hours. 它需要三小時。)
take off,phr v,脫掉 (衣物)；起飛 (動詞片語) (例如：She took off her shoes. 她脫掉了鞋子。)
talk,n,談話；演講 (名詞)
talk,v,說話；談論 (動詞)
tall,adj,高的 (形容詞)
taxi,n,計程車 (名詞)
tea,n,茶；下午茶 (名詞)
teach,v,教導 (動詞)
team,n,隊；組 (名詞)
teenager,n,青少年 (13-19歲) (名詞)
telephone,n,電話 (名詞)
telephone,v,打電話 (動詞)
television,n,電視；電視機 (名詞)
tell,v,告訴；吩咐 (動詞)
temperature,n,溫度；體溫 (名詞) (例如：The temperature was below zero. 溫度在零度以下。)
tennis,n,網球 (名詞)
tent,n,帳篷 (名詞)
term,n,學期；術語；條款 (名詞)
terrible,adj,糟糕的；可怕的 (形容詞)
test,n,測驗；考試；試驗 (名詞)
text,n,文本；簡訊 (名詞)
text,v,發簡訊 (動詞)
text book,n,教科書 (名詞)
text message,n,簡訊 (名詞)
than,prep,比 (用於比較) (介係詞)
than,conj,比 (用於比較) (連接詞)
thank,v,感謝 (動詞)
the,det,這；那 (定冠詞) (限定詞)
theatre,n,劇院；戲劇 (名詞)
their,det,他們的；她們的；它們的 (限定詞)
theirs,pron,他們的；她們的；它們的 (所有格代名詞)
them,pron,他們；她們；它們 (受格) (代名詞)
themselves,pron,他們自己；她們自己；它們自己 (反身代名詞)
then,adv,然後；那麼；當時 (副詞)
there,adv,那裡；在那裡 (副詞)
these,det,這些的 (限定詞)
these,pron,這些 (代名詞)
they,pron,他們；她們；它們 (代名詞)
thin,adj,瘦的；薄的 (形容詞)
thing,n,事物；東西 (名詞)
think,v,想；認為 (動詞)
thirsty,adj,口渴的 (形容詞)
this,det,這個的 (限定詞)
this,pron,這個 (代名詞)
those,det,那些的 (限定詞)
those,pron,那些 (代名詞)
through,prep,穿過；通過 (介係詞)
throw,v,丟；擲 (動詞)
thunderstorm,n,雷雨 (名詞)
ticket,n,票；券 (名詞)
tidy,adj,整潔的；整齊的 (形容詞)
tidy,v,整理；收拾 (動詞)
tidy up,v,整理乾淨 (動詞片語)
tiger,n,老虎 (名詞)
tights,n pl,褲襪；緊身褲 (複數名詞)
till,prep,直到...為止 (介係詞)
time,n,時間；次數；倍數 (名詞)
tired,adj,疲倦的；厭煩的 (形容詞)
to,prep,到；向；給 (介係詞)
today,n,今天 (名詞)
today,adv,今天 (副詞)
together,adv,一起 (副詞)
toilet,n,廁所；馬桶 (名詞)
tomato,n,番茄 (名詞)
tomorrow,n,明天 (名詞)
tomorrow,adv,明天 (副詞)
tonight,n,今晚 (名詞)
tonight,adv,今晚 (副詞)
too,adv,也；太 (副詞)
tooth,n,牙齒 (名詞)
toothbrush,n,牙刷 (名詞)
top,n,頂部；上面；陀螺 (名詞) (例如：the top of the page 頁面的頂部)
total,adj,總計的；全部的 (形容詞)
total,n,總數；合計 (名詞)
tour,n,旅遊；觀光 (名詞)
tour,v,旅遊；觀光 (動詞)
tour guide,n,導遊 (名詞)
tourist,n,遊客；觀光客 (名詞)
tourist information centre,n,遊客資訊中心 (名詞)
towel,n,毛巾 (名詞)
town,n,城鎮 (名詞)
toy,n,玩具 (名詞)
traffic,n,交通 (名詞)
traffic lights,n pl,紅綠燈 (複數名詞)
train,n,火車 (名詞)
trainers,n pl,運動鞋 (英式) (複數名詞)
tram,n,電車 (名詞)
travel,v,旅行 (動詞)
travel agent,n,旅行社專員 (名詞)
tree,n,樹 (名詞)
trip,n,旅行；旅程 (短途) (名詞)
trouble,n,麻煩；困難 (名詞)
trousers,n pl,褲子 (英式) (複數名詞)
try,v,嘗試；設法；審判 (動詞)
try on,phr v,試穿 (動詞片語)
T-shirt,n,T恤 (名詞)
turn,v,轉動；轉變；輪到 (動詞)
turn off,phr v,關掉 (電器等) (動詞片語) (例如：Turn the gas off. 關掉瓦斯。)
turn on,phr v,打開 (電器等) (動詞片語) (例如：Turn the heating on. 打開暖氣。)
twice,adv,兩次；兩倍 (副詞)
type,n,類型；字體 (名詞)
tyre,n,輪胎 (英式) (名詞)
umbrella,n,雨傘 (名詞)
uncle,n,叔叔；伯伯；舅舅；姑父；姨父 (名詞)
under,prep,在...下面 (介係詞)
underground,n,地鐵 (英式)；地下 (名詞)
underground,adj,地下的 (形容詞)
understand,v,理解；明白 (動詞)
uniform,n,制服 (名詞)
university,n,大學 (名詞)
until,prep,直到...為止 (介係詞)
up,prep,向上；沿著...往上 (介係詞)
up,adv,向上；起床 (副詞)
upstairs,adv,在樓上；往樓上 (副詞)
us,pron,我們 (受格) (代名詞)
use,v,使用；利用 (動詞)
useful,adj,有用的 (形容詞)
usual,adj,通常的；平常的 (形容詞)
v / versus,prep,對；對抗 (介係詞) (例如：Manchester United v Liverpool 曼聯對利物浦)
variety,n,多樣性；種類 (名詞)
vegetable,n,蔬菜 (名詞)
very,adv,非常；很 (副詞)
video,n,影片；錄影帶 (名詞)
video recorder,n,錄影機 (名詞)
village,n,村莊 (名詞)
violin,n,小提琴 (名詞)
visit,v,拜訪；參觀 (動詞)
visitor,n,訪客；遊客 (名詞)
volleyball,n,排球 (名詞)
wait,v,等待 (動詞)
waiter,n,男服務生 (名詞)
waitress,n,女服務生 (名詞)
wake up,phr v,醒來；叫醒 (動詞片語)
walk,v,走路；散步 (動詞)
wall,n,牆壁 (名詞)
wallet,n,皮夾 (尤指男用) (名詞)
want,v,想要 (動詞)
warm,adj,溫暖的 (形容詞)
wash,v,洗 (動詞)
wash up,phr v,洗碗碟 (英式) (動詞片語)
watch,n,手錶；觀看 (名詞)
watch,v,觀看；注視 (動詞)
water,n,水 (名詞)
way,n,路；方法；方向 (名詞) (例如：Do it this way. 這樣做。; one-way street 單行道; Is this the quickest way home? 這是回家最快的路嗎？)
we,pron,我們 (代名詞)
wear,v,穿；戴 (動詞)
weather,n,天氣 (名詞)
website,n,網站 (名詞)
wedding,n,婚禮 (名詞)
week,n,星期；週 (名詞)
weekday,n,平日；工作日 (名詞)
weekend,n,週末 (名詞)
weekly,adj,每週的 (形容詞)
weekly,adv,每週地 (副詞)
welcome,v,歡迎 (動詞) (例如：Welcome to London! 歡迎來到倫敦！)
well,adv,好地；充分地 (副詞)
well,adj,健康的；好的 (形容詞)
west,n,西方；西部 (名詞)
west,adj,西方的 (形容詞)
west,adv,向西 (副詞)
wet,adj,濕的 (形容詞)
whale,n,鯨魚 (名詞)
what,det,什麼 (限定詞)
what,pron,什麼 (代名詞)
wheel,n,輪子 (名詞)
when,adv,何時；當...時候 (副詞)
where,adv,何地；在哪裡 (副詞)
which,det,哪個；哪些 (限定詞)
which,pron,哪個；哪些 (代名詞)
while,conj,當...的時候；然而 (連接詞)
white,adj,白色的 (形容詞)
who,pron,誰 (代名詞)
whole,adj,全部的；整個的 (形容詞) (例如：the whole world 全世界)
whole,n,全部；整體 (名詞) (例如：the whole of July 整個七月)
whose,pron,誰的 (代名詞)
why,adv,為什麼 (副詞)
wife,n,妻子 (名詞)
wild,adj,野生的；狂野的 (形容詞) (例如：wild animals 野生動物)
will ('ll),v,將要；願意 (助動詞)
win,v,贏得 (動詞)
wind,n,風 (名詞)
window,n,窗戶 (名詞)
windsurfing,n,風帆運動 (名詞)
windy,adj,多風的 (形容詞)
winter,n,冬天 (名詞)
wishes,n pl,祝福；願望 (複數名詞) (例如：Best wishes 最好的祝福)
with,prep,和...一起；帶有；用 (介係詞)
without,prep,沒有；不帶 (介係詞)
woman,n,女人 (名詞)
wonderful,adj,極好的；精彩的 (形容詞)
wood,n,木頭；樹林 (名詞)
wool,n,羊毛 (名詞)
word,n,字；詞；話 (名詞)
work,n,工作；作品 (名詞)
work,v,工作；運作 (動詞)
world,n,世界 (名詞)
worry,v,擔心；煩惱 (動詞)
would,v,將會 (will的過去式)；願意 (助動詞)
write,v,寫 (動詞)
write down,phr v,寫下來；記下 (動詞片語)
wrong,adj,錯誤的；不對的 (形容詞)
year,n,年 (名詞)
yellow,adj,黃色的 (形容詞)
yes,exclam,是的；好的 (感嘆詞)
yesterday,n,昨天 (名詞)
yesterday,adv,昨天 (副詞)
yet,adv,還(沒)；然而 (副詞) (例如：Has he arrived yet? 他到了嗎？)
you,pron,你；你們 (代名詞)
young,adj,年輕的 (形容詞)
your,det,你的；你們的 (限定詞)
yours,pron,你的；你們的 (所有格代名詞)
yourself,pron,你自己 (反身代名詞)
zero,n,零 (名詞)
zoo,n,動物園 (名詞)